branch_id,branch_name,product_id,sku,product_name,category,snapshot_date,recorded_closing_stock,cancelled_quantity,directly_observed_lost_revenue
2,UrbanMart Branch 02,22,SKU-0022,Bakery Product 022,Bakery,2025-03-17,17,6,94.56
11,UrbanMart Branch 11,22,SKU-0022,Bakery Product 022,Bakery,2025-02-03,11,6,94.56
4,UrbanMart Branch 04,14,SKU-0014,Snacks Product 014,Snacks,2025-02-08,9,6,92.1
11,UrbanMart Branch 11,40,SKU-0040,Bakery Product 040,Bakery,2025-03-07,18,6,91.8
2,UrbanMart Branch 02,51,SKU-0051,Dairy Product 051,Dairy,2025-01-14,9,6,86.46
10,UrbanMart Branch 10,3,SKU-0003,Dairy Product 003,Dairy,2025-01-18,17,6,79.8
11,UrbanMart Branch 11,5,SKU-0005,Frozen Product 005,Frozen,2025-03-10,16,6,77.64
7,UrbanMart Branch 07,40,SKU-0040,Bakery Product 040,Bakery,2025-01-31,17,5,76.5
9,UrbanMart Branch 09,52,SKU-0052,Bakery Product 052,Bakery,2025-01-17,6,6,73.74
10,UrbanMart Branch 10,25,SKU-0025,Beverages Product 025,Beverages,2025-02-26,20,5,71.75
10,UrbanMart Branch 10,11,SKU-0011,Frozen Product 011,Frozen,2025-02-26,11,5,70.65
4,UrbanMart Branch 04,1,SKU-0001,Beverages Product 001,Beverages,2025-01-25,7,4,70.64
7,UrbanMart Branch 07,15,SKU-0015,Dairy Product 015,Dairy,2025-03-04,14,4,63.92
4,UrbanMart Branch 04,51,SKU-0051,Dairy Product 051,Dairy,2025-01-25,21,4,57.64
11,UrbanMart Branch 11,25,SKU-0025,Beverages Product 025,Beverages,2025-02-09,7,4,57.4
5,UrbanMart Branch 05,24,SKU-0024,Household Product 024,Household,2025-03-16,9,6,54.48
6,UrbanMart Branch 06,27,SKU-0027,Dairy Product 027,Dairy,2025-03-06,21,4,49.24
8,UrbanMart Branch 08,56,SKU-0056,Snacks Product 056,Snacks,2025-01-25,9,5,45.4
12,UrbanMart Branch 12,12,SKU-0012,Household Product 012,Household,2025-02-24,15,6,43.5
2,UrbanMart Branch 02,44,SKU-0044,Snacks Product 044,Snacks,2025-02-08,19,3,42.18
